INSERT INTO users (social, first_name, last_name, email, phone, street_addr, city, state, zip, status)
VALUES (123456789, 'John', 'Doe', 'john.doe@example.com', 9876543210, '123 Main St', 'New York', 'NY', 10001, 'M');

INSERT INTO users (social, first_name, last_name, email, phone, street_addr, city, state, zip, status)
VALUES (987654321, 'Jane', 'Smith', 'jane.smith@example.com', 1234567890, '456 Oak Ave', 'Los Angeles', 'CA', 90001, 'M');

INSERT INTO users (social, first_name, last_name, email, phone, street_addr, city, state, zip, status)
VALUES (456789123, 'Michael', 'Johnson', 'michael.johnson@example.com', 5556667777, '789 Elm Rd', 'Chicago', 'IL', 60601, 'S');

INSERT INTO users (social, first_name, last_name, email, phone, street_addr, city, state, zip, status)
VALUES (789123456, 'Emily', 'Brown', 'emily.brown@example.com', 9998887777, '101 Maple Ln', 'Houston', 'TX', 77002, 'M');

INSERT INTO users (social, first_name, last_name, email, phone, street_addr, city, state, zip, status)
VALUES (654789321, 'David', 'Williams', 'david.williams@example.com', 4443332222, '222 Pine Blvd', 'San Francisco', 'CA', 94101, 'S');

INSERT INTO users (social, first_name, last_name, email, phone, street_addr, city, state, zip, status)
VALUES (111222333, 'Sarah', 'Johnson', 'sarah.johnson@example.com', 5551112222, '789 Oak Ave', 'Los Angeles', 'CA', 90002, 'S');

INSERT INTO users (social, first_name, last_name, email, phone, street_addr, city, state, zip, status)
VALUES (444555666, 'Robert', 'Smith', 'robert.smith@example.com', 9997778888, '456 Maple St', 'Chicago', 'IL', 60602, 'M');

INSERT INTO users (social, first_name, last_name, email, phone, street_addr, city, state, zip, status)
VALUES (777888999, 'Jessica', 'Brown', 'jessica.brown@example.com', 3334445555, '222 Elm Rd', 'Houston', 'TX', 77003, 'M');

INSERT INTO users (social, first_name, last_name, email, phone, street_addr, city, state, zip, status)
VALUES (888999000, 'William', 'Davis', 'william.davis@example.com', 7776665555, '101 Pine Blvd', 'San Francisco', 'CA', 94102, 'S');

INSERT INTO users (social, first_name, last_name, email, phone, street_addr, city, state, zip, status)
VALUES (333444555, 'Olivia', 'Anderson', 'olivia.anderson@example.com', 2223334444, '123 Oak Ln', 'New York', 'NY', 10002, 'S');


INSERT INTO w2 (social, emp_tin, wages, fed_withheld)
VALUES (123456789, 111222333, 5676567, 0);

INSERT INTO w2 (social, emp_tin, wages, fed_withheld)
VALUES (987654321, 111222333, 57686, 100);

INSERT INTO w2 (social, emp_tin, wages, fed_withheld)
VALUES (987654321, 222333444, 234546, 1090);

INSERT INTO w2 (social, emp_tin, wages, fed_withheld)
VALUES (987654321, 444555666, 678876, 678);

INSERT INTO w2 (social, emp_tin, wages, fed_withheld)
VALUES (333444555, 111222333, 456546, 45);

INSERT INTO w2 (social, emp_tin, wages, fed_withheld)
VALUES (333444555, 444555666, 491074, 57);

INSERT INTO w2 (social, emp_tin, wages, fed_withheld)
VALUES (333444555, 456456456, 4563378, 36);

INSERT INTO w2 (social, emp_tin, wages, fed_withheld)
VALUES (333444555, 777888999, 459873, 345);

INSERT INTO w2 (social, emp_tin, wages, fed_withheld)
VALUES (888999000, 777888999, 459873, 8795);

INSERT INTO w2 (social, emp_tin, wages, fed_withheld)
VALUES (888999000, 444555666, 67453, 3455);


INSERT INTO ten99 (social, payer_tin, compensation, fed_withheld)
VALUES (888999000, 588599500, 4556756, 34545);

INSERT INTO ten99 (social, payer_tin, compensation, fed_withheld)
VALUES (888999000, 688699600, 4356, 2);

INSERT INTO ten99 (social, payer_tin, compensation, fed_withheld)
VALUES (888999000, 788799700, 112367, 3455);

INSERT INTO ten99 (social, payer_tin, compensation, fed_withheld)
VALUES (789123456, 588599500, 57854, 6777);

INSERT INTO ten99 (social, payer_tin, compensation, fed_withheld)
VALUES (789123456, 444555666, 5556773, 65757);

INSERT INTO ten99 (social, payer_tin, compensation, fed_withheld)
VALUES (789123456, 688699600, 4566, 456);

INSERT INTO ten99 (social, payer_tin, compensation, fed_withheld)
VALUES (777888999, 444555666, 67453, 3455);

INSERT INTO ten99 (social, payer_tin, compensation, fed_withheld)
VALUES (777888999, 777878999, 992589, 871);

INSERT INTO ten99 (social, payer_tin, compensation, fed_withheld)
VALUES (777888999, 444555676, 6691356, 2346);

INSERT INTO ten99 (social, payer_tin, compensation, fed_withheld)
VALUES (333444555, 444555666, 550956, 5678);