INSERT INTO users (social, first_name, last_name, email, password, phone, street_addr, city, state, zip, status)
VALUES (123456789, 'John', 'Doe', 'john.doe@example.com', 'password123', 1234567890, '123 Main St', 'New York', 'NY', 10001, 'MS');

INSERT INTO users (social, first_name, last_name, email, password, phone, street_addr, city, state, zip, status)
VALUES (987654321, 'Jane', 'Smith', 'jane.smith@example.com', 'securepass', 9876543210, '456 Elm St', 'Los Angeles', 'CA', 90001, 'S');

INSERT INTO users (social, first_name, last_name, email, password, phone, street_addr, city, state, zip, status)
VALUES (555555555, 'Michael', 'Johnson', 'michael.johnson@example.com', 'test123', 5555555555, '789 Oak St', 'Chicago', 'IL', 60601, 'MS');

INSERT INTO users (social, first_name, last_name, email, password, phone, street_addr, city, state, zip, status)
VALUES (111222333, 'Alice', 'Johnson', 'alice.johnson@example.com', 'pass123', 1112223333, '789 Pine St', 'San Francisco', 'CA', 94101, 'S');

INSERT INTO users (social, first_name, last_name, email, password, phone, street_addr, city, state, zip, status)
VALUES (444555666, 'Robert', 'Williams', 'robert.williams@example.com', 'hello123', 4445556666, '321 Oak Ave', 'Seattle', 'WA', 98101, 'MJ');

INSERT INTO users (social, first_name, last_name, email, password, phone, street_addr, city, state, zip, status)
VALUES (777888999, 'Emily', 'Davis', 'emily.davis@example.com', 'test456', 7778889999, '456 Maple Rd', 'Boston', 'MA', 02101, 'S');

INSERT INTO users (social, first_name, last_name, email, password, phone, street_addr, city, state, zip, status)
VALUES (222333444, 'Daniel', 'Anderson', 'daniel.anderson@example.com', 'secure456', 2223334444, '987 Elm Ave', 'Miami', 'FL', 33101, 'MJ');

INSERT INTO users (social, first_name, last_name, email, password, phone, street_addr, city, state, zip, status)
VALUES (666777888, 'Olivia', 'Martinez', 'olivia.martinez@example.com', 'pass987', 6667778888, '741 Birch Rd', 'Dallas', 'TX', 75201, 'S');

INSERT INTO users (social, first_name, last_name, email, password, phone, street_addr, city, state, zip, status)
VALUES (999888777, 'William', 'Lee', 'william.lee@example.com', 'pass789', 9998887777, '852 Cherry Lane', 'Houston', 'TX', 77001, 'MS');

INSERT INTO users (social, first_name, last_name, email, password, phone, street_addr, city, state, zip, status)
VALUES (333444555, 'Sophia', 'Garcia', 'sophia.garcia@example.com', 'secure789', 3334445555, '963 Pine Lane', 'Atlanta', 'GA', 30301, 'S');

INSERT INTO w2 (social, emp_tin, wages, fed_withheld)
VALUES (123456789, 111222333, 5676567, 0);

INSERT INTO w2 (social, emp_tin, wages, fed_withheld)
VALUES (987654321, 111222333, 57686, 100);

INSERT INTO w2 (social, emp_tin, wages, fed_withheld)
VALUES (987654321, 222333444, 234546, 1090);

INSERT INTO w2 (social, emp_tin, wages, fed_withheld)
VALUES (987654321, 444555666, 678876, 678);

INSERT INTO w2 (social, emp_tin, wages, fed_withheld)
VALUES (333444555, 111222333, 456546, 45);

INSERT INTO w2 (social, emp_tin, wages, fed_withheld)
VALUES (333444555, 444555666, 491074, 57);

INSERT INTO w2 (social, emp_tin, wages, fed_withheld)
VALUES (333444555, 456456456, 4563378, 36);

INSERT INTO w2 (social, emp_tin, wages, fed_withheld)
VALUES (333444555, 777888999, 459873, 345);

INSERT INTO w2 (social, emp_tin, wages, fed_withheld)
VALUES (666777888, 777888999, 459873, 8795);

INSERT INTO w2 (social, emp_tin, wages, fed_withheld)
VALUES (666777888, 444555666, 67453, 3455);


INSERT INTO ten99 (social, payer_tin, compensation, fed_withheld)
VALUES (666777888, 588599500, 4556756, 34545);

INSERT INTO ten99 (social, payer_tin, compensation, fed_withheld)
VALUES (666777888, 688699600, 4356, 2);

INSERT INTO ten99 (social, payer_tin, compensation, fed_withheld)
VALUES (666777888, 788799700, 112367, 3455);

INSERT INTO ten99 (social, payer_tin, compensation, fed_withheld)
VALUES (222333444, 588599500, 57854, 6777);

INSERT INTO ten99 (social, payer_tin, compensation, fed_withheld)
VALUES (222333444, 444555666, 5556773, 65757);

INSERT INTO ten99 (social, payer_tin, compensation, fed_withheld)
VALUES (222333444, 688699600, 4566, 456);

INSERT INTO ten99 (social, payer_tin, compensation, fed_withheld)
VALUES (777888999, 444555666, 67453, 3455);

INSERT INTO ten99 (social, payer_tin, compensation, fed_withheld)
VALUES (777888999, 777878999, 992589, 871);

INSERT INTO ten99 (social, payer_tin, compensation, fed_withheld)
VALUES (777888999, 444555676, 6691356, 2346);

INSERT INTO ten99 (social, payer_tin, compensation, fed_withheld)
VALUES (333444555, 444555666, 550956, 5678);
